id,value,feed_id,created_at,lat,lon,ele
0FR1HB1575WKBS9TDH6VXH3Z01,1,2936999,2024-11-18 02:19:47 UTC,,,
0FR1HB20QA30Y4XXSGTYARPVHF,0,2936999,2024-11-18 02:19:50 UTC,,,
0FR1HB2M2RCR2NMXMQTDXAK4T2,1,2936999,2024-11-18 02:19:52 UTC,,,
0FR1HB3069NEVA2R17TX4C73AA,0,2936999,2024-11-18 02:19:53 UTC,,,
0FR39K61EJ7XQAB82GKVQ8MMK8,1,2936999,2024-11-20 06:45:47 UTC,,,
0FR39K6VFF1MAK3FFJVYAJVCCA,0,2936999,2024-11-20 06:45:50 UTC,,,
0FR39K7BQ2Y7TRVMVQKSAGA4X4,1,2936999,2024-11-20 06:45:51 UTC,,,
0FR39K980NS61BAHE32P8W25XZ,0,2936999,2024-11-20 06:45:57 UTC,,,
0FR39K9YDMR127XQMHRT9SR28Q,1,2936999,2024-11-20 06:46:00 UTC,,,
0FR39KA97B66DD4J0YV6N36Q9P,0,2936999,2024-11-20 06:46:01 UTC,,,
0FR39SWV9AK50H7NVSX6Y362FG,1,2936999,2024-11-20 06:57:31 UTC,,,
0FR39TYJ06DVA8DG84TE4ZMYAQ,0,2936999,2024-11-20 06:59:21 UTC,,,
0FR39TYQSJFWXTXETDCAKPHJHS,1,2936999,2024-11-20 06:59:22 UTC,,,
0FR39TZGVVSEJQSW3MMSDYYJDH,0,2936999,2024-11-20 06:59:24 UTC,,,
0FR39V01BJ6NM450MKXRVQ35E1,1,2936999,2024-11-20 06:59:26 UTC,,,
0FR39VN4R431ECMG9NSC4NWCAP,0,2936999,2024-11-20 07:00:35 UTC,,,
0FR39VNPT31ZKXCX4DGVRQTVZ5,1,2936999,2024-11-20 07:00:37 UTC,,,
0FR39VXVYF5C3AQC3HQBYCCN5F,0,2936999,2024-11-20 07:01:04 UTC,,,
0FR39VY276DGWYHW9Q7HJ7F110,1,2936999,2024-11-20 07:01:04 UTC,,,
0FR39VZ00N9T9HAR8T5RZ7VVY5,0,2936999,2024-11-20 07:01:08 UTC,,,
0FR39W15GRP1H73N35053405RE,1,2936999,2024-11-20 07:01:15 UTC,,,
0FR39YJTQDNXBHACWHZJC0YW7W,0,2936999,2024-11-20 07:05:42 UTC,,,
0FR39YK1DGZPDJVD6W7BQAW9MW,1,2936999,2024-11-20 07:05:43 UTC,,,
0FR3A2WC4E5VAK6CVN4TSM4B8K,0,2936999,2024-11-20 07:13:13 UTC,,,
0FR3A2WC4JR3AMF18BRD7GGCN3,0,2936999,2024-11-20 07:13:13 UTC,,,
0FR3A2WC51W8EE02B78GCT5M3F,0,2936999,2024-11-20 07:13:13 UTC,,,
0FR3A2WC587RH8WBR81DPFX4EQ,0,2936999,2024-11-20 07:13:13 UTC,,,
0FR3A2XMEH4B68PC5CDP90V8FW,1,2936999,2024-11-20 07:13:17 UTC,,,
0FR3A419ZAY96EJ8WWR6WWG7R8,0,2936999,2024-11-20 07:15:14 UTC,,,
0FR3A4240ARK8Y39S00A7SMN92,1,2936999,2024-11-20 07:15:17 UTC,,,
0FR3A4XEQ1VGVZHNZ5T60XFERB,0,2936999,2024-11-20 07:16:46 UTC,,,
0FR3A4XZJ0VKFX2SRDG6446RXW,1,2936999,2024-11-20 07:16:48 UTC,,,
0FR3A55WPR5XRZJKTAZ73AVVH0,0,2936999,2024-11-20 07:17:14 UTC,,,
0FR3A5654XHX64YD3EJ3X5JX4S,1,2936999,2024-11-20 07:17:15 UTC,,,
0FR3A5AQRDM5Q7QM4XW4F96RKH,0,2936999,2024-11-20 07:17:30 UTC,,,
0FR3A5BQVCTAQFFQRJ5AD8760C,1,2936999,2024-11-20 07:17:33 UTC,,,
0FR3A5DN0CV0WZJRVAED7QQQVQ,0,2936999,2024-11-20 07:17:39 UTC,,,
0FR3A5E4RYN40AXGY51S3K89V6,1,2936999,2024-11-20 07:17:41 UTC,,,
0FR3A5FMBZS8GN74AQRE2EEZ0X,0,2936999,2024-11-20 07:17:46 UTC,,,
0FR3A5G1CX7KMTEGE2N5P8CHXY,1,2936999,2024-11-20 07:17:47 UTC,,,
0FR3A5KJ8D7CRJWT4KTXFRHTHB,0,2936999,2024-11-20 07:17:59 UTC,,,
0FR3A5M3K4T3T4CC7G9N116CA0,1,2936999,2024-11-20 07:18:00 UTC,,,
0FR3A5S2K4GD012GBZXK103CXP,0,2936999,2024-11-20 07:18:17 UTC,,,
0FR3A5SHRHDFZ1XBNBEZRQD5KJ,1,2936999,2024-11-20 07:18:18 UTC,,,
0FR3AGQYM1PJ0VQMYX8AJD61W0,0,2936999,2024-11-20 07:37:26 UTC,,,
0FR3AGRYVPA9HJQE498TPQDETG,1,2936999,2024-11-20 07:37:30 UTC,,,
0FR3AHH6QNW5P5FV73AT0XRM02,0,2936999,2024-11-20 07:38:49 UTC,,,
0FR3AHJ2BMY6P87101X7PAS764,1,2936999,2024-11-20 07:38:52 UTC,,,
0FR4GFXVQPD5VM1X5R9B89BF0H,0,2936999,2024-11-21 19:01:08 UTC,,,
0FR4GJAVKCNNEGKQJ0V6KKSNZ0,1,2936999,2024-11-21 19:05:20 UTC,,,
0FR4GJC72CWCNNJAEJNJP5NAYA,0,2936999,2024-11-21 19:05:25 UTC,,,
0FR4GJD7J3M0D8JC1M2G0QMEHB,1,2936999,2024-11-21 19:05:28 UTC,,,
0FR4GK191RKV28B5B2BGVJNJR6,0,2936999,2024-11-21 19:06:34 UTC,,,
0FR4GK1QEVZCGAMWQZQJ1XDHJQ,1,2936999,2024-11-21 19:06:35 UTC,,,
0FR4GK693X1NNVK8RFJJX3C3E4,0,2936999,2024-11-21 19:06:50 UTC,,,
0FR4GK6EYF80NJCHW1HGHZ3VBQ,1,2936999,2024-11-21 19:06:51 UTC,,,
0FR4HEMP9EXWBTBWHQE9PVWCME,0,2936999,2024-11-21 19:54:48 UTC,,,
0FR4HESZ52ERG6KW315WHVZHZF,1,2936999,2024-11-21 19:55:06 UTC,,,
0FR4HETM0SR6XPMM1N41AAB5B5,0,2936999,2024-11-21 19:55:08 UTC,,,
0FR4HEV191628NBXGR09G9JXTC,1,2936999,2024-11-21 19:55:09 UTC,,,
0FR4HF37ZQV8MQCE58SQ76SVV8,0,2936999,2024-11-21 19:55:36 UTC,,,
0FR4HF4T72Y0VY26C1A4PQ3ESJ,1,2936999,2024-11-21 19:55:41 UTC,,,
0FR4HF8FHE809D2H5XGM86EH9F,0,2936999,2024-11-21 19:55:53 UTC,,,
0FR4HFQ2GYJRHT4GZWQBF600K6,1,2936999,2024-11-21 19:56:41 UTC,,,
0FR4J02A0CB2WXQJSBYWJW3FEH,1,2936999,2024-11-21 20:25:16 UTC,,,
0FR4J02A0CGQWZRY5PDCYX0SB8,1,2936999,2024-11-21 20:25:16 UTC,,,
0FR4J02A0HG5G2TJJ8VWZA1595,1,2936999,2024-11-21 20:25:16 UTC,,,
0FR4J02A0RTMHB4AGF5V25H9RK,1,2936999,2024-11-21 20:25:16 UTC,,,
0FR4J02A17PW13YWK4KNQ3HQ69,1,2936999,2024-11-21 20:25:16 UTC,,,
0FR4J02A1F4G0RCGJXE56EYT97,1,2936999,2024-11-21 20:25:16 UTC,,,
0FR4J02A2AN73GCE67YFVG3W2H,1,2936999,2024-11-21 20:25:16 UTC,,,
0FR4J0AYVV7RB8A3QWVE5Z9B9K,0,2936999,2024-11-21 20:25:44 UTC,,,
0FR4J0BE3108TS5RYCFKQR2EMB,1,2936999,2024-11-21 20:25:45 UTC,,,
0FR4J18MWZM8W0ZN8BS9CJD773,0,2936999,2024-11-21 20:27:21 UTC,,,
0FR4J27GPCCT2XXFYDZWS7M801,1,2936999,2024-11-21 20:29:02 UTC,,,
0FR4J2CPCJBCDTTNZAD036MV5A,0,2936999,2024-11-21 20:29:19 UTC,,,
0FR4J8DJ3BMS56YTDBP89EJ7EJ,1,2936999,2024-11-21 20:39:51 UTC,,,
0FR4J8M3VANVTTC29VC7ZFZYFP,0,2936999,2024-11-21 20:40:13 UTC,,,
0FR4J8MW1J29VTFYEN8FDC8RR1,1,2936999,2024-11-21 20:40:15 UTC,,,
0FR4J9FYPD74BTJBK8N3B67PDZ,0,2936999,2024-11-21 20:41:44 UTC,,,
0FR4J9KDGEXZRTCJKZHCG4RNYC,1,2936999,2024-11-21 20:41:55 UTC,,,
0FR4J9MJN7XXRQVKT94C8582Z9,0,2936999,2024-11-21 20:41:59 UTC,,,
0FR4J9NJ9GWBPAV84Z9SF9478S,1,2936999,2024-11-21 20:42:02 UTC,,,
0FR4J9QGBJQ0KCZEBPSZ309SJ1,0,2936999,2024-11-21 20:42:09 UTC,,,
0FR4J9R3W0MCM7X6XHD0YVKE2S,1,2936999,2024-11-21 20:42:11 UTC,,,
0FR4J9S4YZ4R8HC2XCDWSTGTM3,0,2936999,2024-11-21 20:42:14 UTC,,,
0FR4J9WEG589HBX2XTZ9CQ6C1V,1,2936999,2024-11-21 20:42:25 UTC,,,
0FR4J9XRCQSSBQA87ARQHKRYVC,0,2936999,2024-11-21 20:42:29 UTC,,,
0FR4JKE4CR655Z6JFB8XQDQAC7,1,2936999,2024-11-21 20:59:07 UTC,,,
0FR4JKS9YB406QYWJ0MR7MPMXJ,0,2936999,2024-11-21 20:59:43 UTC,,,
0FR4JN2VWKVYXX4MEJMA6N5F6R,1,2936999,2024-11-21 21:01:59 UTC,,,
0FR4JNKFWTDK587BHNP2A8HNPJ,0,2936999,2024-11-21 21:02:54 UTC,,,
0FR4JNKVNXP0N9YD8SA6NHYT0A,1,2936999,2024-11-21 21:02:55 UTC,,,
0FR4JNPNXQJWAPE5HR1VV3E922,0,2936999,2024-11-21 21:03:04 UTC,,,
0FR4JNQ76QBGE4Y4PR9K10JGH2,1,2936999,2024-11-21 21:03:06 UTC,,,
0FR4JPQKW32PJ1ASDXHCG90JTD,0,2936999,2024-11-21 21:04:52 UTC,,,
0FR4JPR0HAZ1CBARHKVDDEERKR,1,2936999,2024-11-21 21:04:54 UTC,,,
0FR4JPRSAZ6A96SK3KE6APBXW2,0,2936999,2024-11-21 21:04:56 UTC,,,
0FR4JR3GKCFRMK9Q95RFQHQFD3,1,2936999,2024-11-21 21:07:16 UTC,,,
0FR4JR3PHYRBZME1WKW3SR1B0T,0,2936999,2024-11-21 21:07:17 UTC,,,
0FR4JRXD2JYVCA11HVNR850BB0,1,2936999,2024-11-21 21:08:41 UTC,,,
0FR4JRXKSV1WZ1CNT0M29VB4CM,0,2936999,2024-11-21 21:08:42 UTC,,,
0FR4K05049GY4QD2CR9P7QY02A,1,2936999,2024-11-21 21:21:20 UTC,,,
0FR4K05C19K45H1452H4WVBAPX,0,2936999,2024-11-21 21:21:21 UTC,,,
0FR4K05PGV32P26NKPEEYPD7M7,1,2936999,2024-11-21 21:21:22 UTC,,,
0FR4K0NP06HEZSXD7HRBS3Z78P,0,2936999,2024-11-21 21:22:14 UTC,,,
0FR4K0YTJNN0XHE0Z6YPCG0GB8,1,2936999,2024-11-21 21:22:44 UTC,,,
0FR4K0Z9QNWCD7J57BHQKMJSJY,0,2936999,2024-11-21 21:22:46 UTC,,,
0FR4K2QYZYQY78TS24TY5JMC58,1,2936999,2024-11-21 21:25:52 UTC,,,
0FR4K2RQ0ERRW43NNBNEXSJPNB,0,2936999,2024-11-21 21:25:54 UTC,,,
0FR4K73N86H84TV3PFZBQPPW1G,1,2936999,2024-11-21 21:33:29 UTC,,,
0FR4K7447JSYPH99VYRHMX2DBQ,0,2936999,2024-11-21 21:33:31 UTC,,,
0FR4K74EHZYADNHDXFX531J5NH,1,2936999,2024-11-21 21:33:32 UTC,,,
0FR4K74VGJ4XY2Q4D4N0XP1GNB,0,2936999,2024-11-21 21:33:33 UTC,,,
0FR4K754X6FXZNJ2X46NPVAGDB,1,2936999,2024-11-21 21:33:34 UTC,,,
0FR4K75F6EQYRHRCNSXR8GD73K,0,2936999,2024-11-21 21:33:35 UTC,,,
0FR4K7B2CBW2EXR4A73E6P70F1,1,2936999,2024-11-21 21:33:54 UTC,,,
0FR4K7BJZTPE56ZFZQGCPR4K5C,0,2936999,2024-11-21 21:33:55 UTC,,,
0FR4K7C21WV0FV5NZT0W1DNXRS,1,2936999,2024-11-21 21:33:57 UTC,,,
0FR4K7C7TZMZYKJPTXGDTAWKQX,0,2936999,2024-11-21 21:33:58 UTC,,,
0FR4K9CDC9RC6M7XQFQRDCVCFE,1,2936999,2024-11-21 21:37:28 UTC,,,
0FR4K9CSTSH22WF44R9438EDNG,0,2936999,2024-11-21 21:37:29 UTC,,,
0FR4K9D6D8H7FB8YC19W6KS5QR,1,2936999,2024-11-21 21:37:30 UTC,,,
0FR4K9DNEZT40NQ6QNJ3NYVK84,0,2936999,2024-11-21 21:37:32 UTC,,,
0FR4KAJ964E7949QDQ2TDZKPW2,1,2936999,2024-11-21 21:39:32 UTC,,,
0FR4KAJHPTJ68MT7V50A2M29H6,0,2936999,2024-11-21 21:39:33 UTC,,,
0FR4KAJX6KCBPPJ37DKX21JG90,1,2936999,2024-11-21 21:39:34 UTC,,,
0FR4KAKA5GENVSZM612A5Q559T,0,2936999,2024-11-21 21:39:35 UTC,,,
0FR4KAKX6M19944PDEJGY28K7W,1,2936999,2024-11-21 21:39:37 UTC,,,
0FR4KAMAB4VPAHYPRVWW2KWBWF,0,2936999,2024-11-21 21:39:39 UTC,,,
0FR4KNXJKG9T2GZBS8X7G8DYD2,1,2936999,2024-11-21 21:59:22 UTC,,,
0FR4KNXX44H298PZX5K93BSAEB,0,2936999,2024-11-21 21:59:23 UTC,,,
0FR4KWT4AH3BX2HZAQ04R523SR,1,2936999,2024-11-21 22:11:25 UTC,,,
0FR4KWTM438M2VN1R5H3090RCR,0,2936999,2024-11-21 22:11:27 UTC,,,
0FR4KWW2QT2WMZZSHBHTDA8EVK,1,2936999,2024-11-21 22:11:31 UTC,,,
0FR4KWYV8YKVCFT68017MH9R87,0,2936999,2024-11-21 22:11:41 UTC,,,
0FR4KZHVS5GSGKW3CF6M47MDR7,1,2936999,2024-11-21 22:16:13 UTC,,,
0FR4KZJA7MMP44K9R251W38AFF,0,2936999,2024-11-21 22:16:14 UTC,,,
0FR4KZJVW19RXWA7PXJ1JQW0ZP,1,2936999,2024-11-21 22:16:16 UTC,,,
0FR4KZK7A0C2KKQ230K2DD946F,0,2936999,2024-11-21 22:16:17 UTC,,,
0FR4KZKRDQXC03C5XK6JC965XJ,1,2936999,2024-11-21 22:16:19 UTC,,,
0FR4KZPBNNZRD2QQNJN3WK85D8,0,2936999,2024-11-21 22:16:27 UTC,,,
0FR4M08T3NE4R2GSXYZJ8VQ2K8,1,2936999,2024-11-21 22:17:28 UTC,,,
0FR4M091GESDMZ65RSDVYMZ8WB,0,2936999,2024-11-21 22:17:28 UTC,,,
0FR4M098WNAMY3FFDNG8WXQK48,1,2936999,2024-11-21 22:17:29 UTC,,,
0FR4M09G98ECCVFHDARNEZ0Y6R,0,2936999,2024-11-21 22:17:30 UTC,,,
0FR4M0H18PJG6XR7MAP50X501W,1,2936999,2024-11-21 22:17:55 UTC,,,
0FR4M0H8T38VHQ4668YMF5MFSS,0,2936999,2024-11-21 22:17:55 UTC,,,
0FR4M3NFDW2DKMNXA6XM4345PA,1,2936999,2024-11-21 22:23:24 UTC,,,
0FR4M3NSPAJENF98RAZFRCSZFJ,0,2936999,2024-11-21 22:23:25 UTC,,,
0FR4M3P1TAQ0ETZ9ZMMHPSV9W5,1,2936999,2024-11-21 22:23:26 UTC,,,
0FR4M3R17ZHZZNJKXB4QK2XGPA,0,2936999,2024-11-21 22:23:32 UTC,,,
0FR4M3SASQAEBJZH539F6CC0ZG,1,2936999,2024-11-21 22:23:36 UTC,,,
0FR4M3SHGVPCE4H9XRQC7Q3ZX9,0,2936999,2024-11-21 22:23:37 UTC,,,
0FR4M5D3F8KJ714SS3Y66ANP0J,1,2936999,2024-11-21 22:26:26 UTC,,,
0FR4M5EZHBDA1053AF9A9K1MER,0,2936999,2024-11-21 22:26:32 UTC,,,
0FR4M5FEJB5WJPXJGJW0XRJ3HJ,1,2936999,2024-11-21 22:26:34 UTC,,,
0FR4M5TF36CPTCTH6TR552KADT,0,2936999,2024-11-21 22:27:10 UTC,,,
0FR4M5TM27TZTA46DW4YX15AGV,1,2936999,2024-11-21 22:27:10 UTC,,,
0FR4M5TZN65SW166NEZQS9S6K8,0,2936999,2024-11-21 22:27:12 UTC,,,
0FR4M5VAJF1TDEEKDV83W12M7Y,1,2936999,2024-11-21 22:27:13 UTC,,,
0FR4M8CYJPYYHFANX06V5D58R0,0,2936999,2024-11-21 22:31:40 UTC,,,
0FR4M8DRV5FVDY4M8ZN32P04SR,1,2936999,2024-11-21 22:31:43 UTC,,,
0FR4M8EPQXF71GTRJS1G0GAW7J,0,2936999,2024-11-21 22:31:46 UTC,,,
0FR4M8F5FE58G17D3GEXBRC8MB,1,2936999,2024-11-21 22:31:47 UTC,,,
0FR4M8N8YABT0BJ15BYXGFK2NT,0,2936999,2024-11-21 22:32:07 UTC,,,
0FR4M8NN8S5RARZ0PFNB0TTW9G,1,2936999,2024-11-21 22:32:09 UTC,,,
0FR4M8P09H5KH18EJDQKVDNA08,0,2936999,2024-11-21 22:32:10 UTC,,,
0FR4M8P86CC1MCXD33G9C5EMEV,1,2936999,2024-11-21 22:32:11 UTC,,,
0FR4M8PFJ240222MJN389SM5W2,0,2936999,2024-11-21 22:32:11 UTC,,,
0FR4MBDK1F37W2PPSV5H658X2K,1,2936999,2024-11-21 22:36:57 UTC,,,
0FR4MBEHZ32NKQJ19BQHTJH224,0,2936999,2024-11-21 22:37:00 UTC,,,
0FR4MBF8BZJ61HVJHXVBNCDZAV,1,2936999,2024-11-21 22:37:02 UTC,,,
0FR4MBFVFDWM7R60AD4C6YV09J,0,2936999,2024-11-21 22:37:04 UTC,,,
0FR4MBGBYAV4WDTE2VK4XZHXY0,1,2936999,2024-11-21 22:37:06 UTC,,,
0FR4MDKWVWNSC4H3AF8VFE5E0T,0,2936999,2024-11-21 22:40:47 UTC,,,
0FR4MDM7BGB5QJ08S65V8MQH3J,1,2936999,2024-11-21 22:40:48 UTC,,,
0FR4ME7B56ZK2JWSPQCDCRNCJ2,0,2936999,2024-11-21 22:41:51 UTC,,,
0FR4ME7TYS8CQC9SXTAWVD1XVN,1,2936999,2024-11-21 22:41:53 UTC,,,
0FR4ME86XEP3QS5WTDM31MH99X,0,2936999,2024-11-21 22:41:54 UTC,,,
0FR4ME901WFTXVE2CH63W7J89H,1,2936999,2024-11-21 22:41:56 UTC,,,
0FR4ME9CRN6RK6KRDXX1XVZ40D,0,2936999,2024-11-21 22:41:58 UTC,,,
0FR4ME9YEZBXQ88XCH7XABPE95,1,2936999,2024-11-21 22:41:59 UTC,,,
0FR4MEAEFYA10KWJR03RFSSXZW,0,2936999,2024-11-21 22:42:01 UTC,,,
0FR4MEBB5220REKKA4PDK5RXP5,1,2936999,2024-11-21 22:42:04 UTC,,,
0FR4MED7HXYSA5252W3R5M2CNY,0,2936999,2024-11-21 22:42:10 UTC,,,
0FR4MEDN6VF22AS9N8MZR548G2,1,2936999,2024-11-21 22:42:12 UTC,,,
0FR4MEEE9SEHT8KW45MTJ8TVM1,0,2936999,2024-11-21 22:42:14 UTC,,,
0FR4MG466VR8K1BHCF8A0TCE1W,1,2936999,2024-11-21 22:45:10 UTC,,,
0FR4MG4NVZTFDS6WPCC25N9F3R,0,2936999,2024-11-21 22:45:12 UTC,,,
0FR4MG5WVHDWSG25269JJ13JG9,1,2936999,2024-11-21 22:45:16 UTC,,,
0FR4MG6DTX32KG4QFSZ2HA2MZX,0,2936999,2024-11-21 22:45:18 UTC,,,
0FR4MG73PZ0DYECCFJRF3Q026N,1,2936999,2024-11-21 22:45:20 UTC,,,
0FR4MG7FFK0YMQXMQ6SFAG27MQ,0,2936999,2024-11-21 22:45:21 UTC,,,
0FR4MG7X2VWRGZN8F4RW2YQ6RD,1,2936999,2024-11-21 22:45:22 UTC,,,
0FR4MG8910Y260GYT1XATB472Z,0,2936999,2024-11-21 22:45:24 UTC,,,
0FR4MG8SDPF7SYXYQH3JKG60X4,1,2936999,2024-11-21 22:45:25 UTC,,,
0FR4MG9AJ0XTMXN5XHQ232T75B,0,2936999,2024-11-21 22:45:27 UTC,,,
0FR4MG9PAT4N7V1W84NMJCKTFD,1,2936999,2024-11-21 22:45:28 UTC,,,
0FR4MGAYKQ17GS0R36VRVTHH5P,0,2936999,2024-11-21 22:45:32 UTC,,,
0FR4MGBR2RYNRKQANZNR5XYDF6,1,2936999,2024-11-21 22:45:35 UTC,,,
0FR4MHNDMGH5J7C6K4V03WGRNZ,0,2936999,2024-11-21 22:47:52 UTC,,,
0FR4MHNV4KK38BSCJS9CRYED75,1,2936999,2024-11-21 22:47:53 UTC,,,
0FR4MHP71G0Z3Y9P4CV2BDST79,0,2936999,2024-11-21 22:47:54 UTC,,,
0FR4MHPS0RWB908E7SFBBMTDQP,1,2936999,2024-11-21 22:47:56 UTC,,,
0FR4MHRYKQZH4P88R7KA043SEZ,0,2936999,2024-11-21 22:48:03 UTC,,,
0FR4MHS9YTD64N6ZB8RBYP8Z8A,1,2936999,2024-11-21 22:48:04 UTC,,,
0FR4MHSPRG1PT7GEJZTHH9CJB9,0,2936999,2024-11-21 22:48:06 UTC,,,
0FR4MHTAFQBZHDG096ZX53YQ44,1,2936999,2024-11-21 22:48:08 UTC,,,
0FR4MJE44KFZ6V7KJYKX87SJ4T,0,2936999,2024-11-21 22:49:13 UTC,,,
0FR4MJEJW44GMQGW839CVJVZCQ,1,2936999,2024-11-21 22:49:14 UTC,,,
0FR4MJEXBPR75F361W92JH5PPM,0,2936999,2024-11-21 22:49:15 UTC,,,
0FR4MJF93H32JSMF38278RSZFT,1,2936999,2024-11-21 22:49:16 UTC,,,
0FR4MJFNA4C98DAFFZ5RRNZ2KY,0,2936999,2024-11-21 22:49:18 UTC,,,
0FR4MJG8RA1WK46NFW019XE9EA,1,2936999,2024-11-21 22:49:20 UTC,,,
0FR4MJZZ9J49MGCS2R8P2ASZ2M,0,2936999,2024-11-21 22:50:11 UTC,,,
0FR4MK0DBH5GWV6G7MB3ANDGQZ,1,2936999,2024-11-21 22:50:13 UTC,,,
0FR4MKQW65GPYRM2EQT080NZ95,0,2936999,2024-11-21 22:51:29 UTC,,,
0FR4MKR7DBKAW4BJ7TJ1CBQGNM,1,2936999,2024-11-21 22:51:31 UTC,,,
0FR4MKRJQZMMQG13JYAMRDGYDD,0,2936999,2024-11-21 22:51:32 UTC,,,
0FR4MKS09RZNGD18DK9HV3XG29,1,2936999,2024-11-21 22:51:33 UTC,,,
0FR4MKSSF8749CKJ30W6NQE3V6,0,2936999,2024-11-21 22:51:36 UTC,,,
0FR4MKT4WCY1QJK8QZ7B922Z07,1,2936999,2024-11-21 22:51:37 UTC,,,
0FR4MKX7J4S0HKD84B7CFV9QCG,0,2936999,2024-11-21 22:51:47 UTC,,,
0FR4MKXJCTCYCFS1MNG7F8Q9AQ,1,2936999,2024-11-21 22:51:48 UTC,,,
0FR4MKXWV0YCY9RBHEDSW91CET,0,2936999,2024-11-21 22:51:49 UTC,,,
0FR4MKY8KQD6F2R67PNQSQZWW7,1,2936999,2024-11-21 22:51:50 UTC,,,
0FR4MM0M6EFW2F5Q86VP41K0FE,0,2936999,2024-11-21 22:51:58 UTC,,,
0FR4MM0ZGW2XD1YFBZCTG9H2PK,1,2936999,2024-11-21 22:51:59 UTC,,,
0FR4MM19HWBCX1DWGS30Z3GA5H,0,2936999,2024-11-21 22:52:00 UTC,,,
0FR4MM1V0EDNPDE0W95M7KC89R,1,2936999,2024-11-21 22:52:02 UTC,,,
0FR4MM259R688AGKNBJK9EX41M,0,2936999,2024-11-21 22:52:03 UTC,,,
0FR4MM2ESNXQ0VPA3V4JRD44MP,1,2936999,2024-11-21 22:52:04 UTC,,,
0FR4MNBX2ABT8Y0J3XTCN2M63J,0,2936999,2024-11-21 22:54:20 UTC,,,
0FR4MNC97HYVWCC2NGAWPHCPWK,1,2936999,2024-11-21 22:54:21 UTC,,,
0FR4MNCJM1FP098CVYYYSQY2WV,0,2936999,2024-11-21 22:54:22 UTC,,,
0FR4MNCW9VBCABRRW8W8522ACK,1,2936999,2024-11-21 22:54:23 UTC,,,
0FR4MNDBFXKQCXPTP0C4F40MJT,0,2936999,2024-11-21 22:54:25 UTC,,,
0FR4MNE5FA3E5EE1MHQES572HE,1,2936999,2024-11-21 22:54:27 UTC,,,
0FR4MNEJW4EV81D2A79J0TPATE,0,2936999,2024-11-21 22:54:29 UTC,,,
0FR4MNEYKRH255TQKR30DNZPE3,1,2936999,2024-11-21 22:54:30 UTC,,,
0FR4MP5SKEQ8TEFMBPZ9S0MD20,0,2936999,2024-11-21 22:55:45 UTC,,,
0FR4MP632Q04SH2QNXXKYJ6S0M,1,2936999,2024-11-21 22:55:46 UTC,,,
0FR4MP6EDTPB074HY51B47WDRG,0,2936999,2024-11-21 22:55:47 UTC,,,
0FR4MP6W73H2E5Q3FC0RBYQ648,1,2936999,2024-11-21 22:55:48 UTC,,,
0FR4MP7AJBBK04AK42R6KN64GR,0,2936999,2024-11-21 22:55:50 UTC,,,
0FR4MP7NGH0BVDM2DJ66J954Y0,1,2936999,2024-11-21 22:55:51 UTC,,,
0FR4MP8605E3JBF0CJS2Z33QK0,0,2936999,2024-11-21 22:55:53 UTC,,,
0FR4MP8JQ4CRYE2CRHC84B47FB,1,2936999,2024-11-21 22:55:54 UTC,,,
0FR4MPF3Z2C5BT7QQYDH0JP8TF,0,2936999,2024-11-21 22:56:15 UTC,,,
0FR4MPFE1ZQQ60XF04Q00J8P76,1,2936999,2024-11-21 22:56:16 UTC,,,
0FR4MPFRPTB5S0MYHV4525RRQV,0,2936999,2024-11-21 22:56:17 UTC,,,
0FR4MPG4HT02P587TJYBMS8TWM,1,2936999,2024-11-21 22:56:19 UTC,,,
0FR4MPGGSSPSE7FB7A167JMNPP,0,2936999,2024-11-21 22:56:20 UTC,,,
0FR4MPTPS7SPGS0M2WKYC3YECR,1,2936999,2024-11-21 22:56:53 UTC,,,
0FR4MPTXPNMVRA6QVT60KAE2WS,0,2936999,2024-11-21 22:56:54 UTC,,,
0FR4MQ7DQ37SX9B5P4XJEMYYNE,1,2936999,2024-11-21 22:57:35 UTC,,,
0FR4MQ9BHGEV05B4AYKFD0FFE5,0,2936999,2024-11-21 22:57:41 UTC,,,
0FR4MQ9P84FJWY036DHH2M394C,1,2936999,2024-11-21 22:57:42 UTC,,,
0FR4MQA4BGKYJCP157FJACWQ4Z,0,2936999,2024-11-21 22:57:44 UTC,,,
0FR4MQAWPXKTV1RJF7SJZHPZG9,1,2936999,2024-11-21 22:57:46 UTC,,,
0FR4MQB8H8J1CAZKM62YAJ5KQP,0,2936999,2024-11-21 22:57:47 UTC,,,
0FR4MSXSRM48QSQRSV90JH7HFB,1,2936999,2024-11-21 23:02:18 UTC,,,
0FR4MSY1W4MC2TVE0Q37ZY2JAV,0,2936999,2024-11-21 23:02:19 UTC,,,
0FR4MSZAX6RY7X1ACJCY5YR7SB,1,2936999,2024-11-21 23:02:23 UTC,,,
0FR4MSZJHA1YQXG2YGKNGX1P76,0,2936999,2024-11-21 23:02:24 UTC,,,
0FR4MSZTX76CV2HWBBK4T936GZ,1,2936999,2024-11-21 23:02:25 UTC,,,
0FR4MT01FZQQN68TH8MVPC0ADY,0,2936999,2024-11-21 23:02:25 UTC,,,
0FR4MT1PH2QJVDP1K5FVCPM41E,1,2936999,2024-11-21 23:02:31 UTC,,,
0FR4MT28S0RFSHGYR8ZNZXH053,0,2936999,2024-11-21 23:02:33 UTC,,,
0FR4MT2J206QK651T2AHAKZ3GZ,1,2936999,2024-11-21 23:02:34 UTC,,,
0FR4MT2XZRWAN4BH82TJ22TY9X,0,2936999,2024-11-21 23:02:35 UTC,,,
0FR4MT3B60B2NP5Z8FWEA7A36Y,1,2936999,2024-11-21 23:02:36 UTC,,,
0FR4MT3S7C8SNRDZM64KKRFM9Y,0,2936999,2024-11-21 23:02:38 UTC,,,
0FR4MT46WJ74VZNE0JHSAWC2YN,1,2936999,2024-11-21 23:02:39 UTC,,,
0FR4MTATCE5HK29X07S2NBFQW6,0,2936999,2024-11-21 23:03:01 UTC,,,
0FR4MTB2AFXXXDC5CHQTRWTCFB,1,2936999,2024-11-21 23:03:01 UTC,,,
0FR4MTBB5N14N1X8HPSGF7NX5X,0,2936999,2024-11-21 23:03:02 UTC,,,
0FR4MTBNFFMVVESJS76VK97NSR,1,2936999,2024-11-21 23:03:03 UTC,,,
0FR4MTC0M2P537T8G1YV9KS7WF,0,2936999,2024-11-21 23:03:05 UTC,,,
0FR4MTCAMF1JX8GBES40NJC106,1,2936999,2024-11-21 23:03:06 UTC,,,
0FR4MTCNSREGBQBW1VPGGVFCP5,0,2936999,2024-11-21 23:03:07 UTC,,,
0FR4MTDAMK4SWG55SB09YANQ9K,1,2936999,2024-11-21 23:03:09 UTC,,,
0FR4MTDM7FYSPNGRVC0ZDRB380,0,2936999,2024-11-21 23:03:10 UTC,,,
0FR4MTDXATGFFS4SQXXF03Y305,1,2936999,2024-11-21 23:03:11 UTC,,,
0FR4MTE6SFHJY64B0GSAVQSVDV,0,2936999,2024-11-21 23:03:12 UTC,,,
0FR4MTEJ0V1M0SPP17R378XHE5,1,2936999,2024-11-21 23:03:13 UTC,,,
0FR4MTHKRSDGMNC1T25Q3D5FFP,0,2936999,2024-11-21 23:03:23 UTC,,,
0FR4MTHY083GN4QRYK2B15786T,1,2936999,2024-11-21 23:03:24 UTC,,,
0FR4MTJ7D6N1NNZ56CWH7RD4PY,0,2936999,2024-11-21 23:03:25 UTC,,,
0FR4MTJK340C7Q9RC7BPCQTG48,1,2936999,2024-11-21 23:03:26 UTC,,,
0FR4MTNNJNRC4N3BW4AV8YEBH5,0,2936999,2024-11-21 23:03:36 UTC,,,
0FR4MTNWVEYPT3HS22SFQ9EJ2H,1,2936999,2024-11-21 23:03:37 UTC,,,
0FR4MTP4CWE6582GZVGGDJXKPF,0,2936999,2024-11-21 23:03:38 UTC,,,
0FR4MTPE03QVASW7AJ805T1K6F,1,2936999,2024-11-21 23:03:39 UTC,,,
0FR4MYFY10CQNN4XK1VHQXKFH6,0,2936999,2024-11-21 23:10:17 UTC,,,
0FR4MYGHZ92DTZC4Y6735AZ06D,1,2936999,2024-11-21 23:10:19 UTC,,,
0FR4MYH01EH78HADJHKFGYCWYM,0,2936999,2024-11-21 23:10:20 UTC,,,
0FR4MYHEPTYVMF4JXQ3P2GZRKQ,1,2936999,2024-11-21 23:10:22 UTC,,,
0FR4MYHWTN6Z9DRSZ3B277CSPM,0,2936999,2024-11-21 23:10:23 UTC,,,
0FR4MYJ8JW4HS5H6YJSG8MGMD1,1,2936999,2024-11-21 23:10:24 UTC,,,
0FR4MYN7N76PJNKDN5YGJHBZA2,0,2936999,2024-11-21 23:10:34 UTC,,,
0FR4MYNGBEDKMCHJTF54HPA98F,1,2936999,2024-11-21 23:10:35 UTC,,,
0FR4MYNNPSAHCC6ZAC1BBCSX30,0,2936999,2024-11-21 23:10:36 UTC,,,
0FR4MYVEJH3VJWBD031SRWFK63,1,2936999,2024-11-21 23:10:55 UTC,,,
0FR4MYVNJ1DYY8Z6YF54HPM7R1,0,2936999,2024-11-21 23:10:55 UTC,,,
0FR4MYVWKPRYJ1K183MFS7SDEM,1,2936999,2024-11-21 23:10:56 UTC,,,
0FR4MYW31TJX0954THGK739DB3,0,2936999,2024-11-21 23:10:57 UTC,,,
0FR4MYWKTJ11PJ7JZ35P4FS59F,1,2936999,2024-11-21 23:10:58 UTC,,,
0FR4MYWQW65ZQZ9BY3E7Z0ED2V,0,2936999,2024-11-21 23:10:59 UTC,,,
0FR4MYWVBJDWVTX502DRWQ925E,1,2936999,2024-11-21 23:10:59 UTC,,,
0FR4MYX6CT189EFBCR679440PG,0,2936999,2024-11-21 23:11:00 UTC,,,
0FR4MZ87RS7BM9HZBZ2P633ZP3,1,2936999,2024-11-21 23:11:36 UTC,,,
0FR4MZ8KZBJVX3MXQK9JQS05P0,0,2936999,2024-11-21 23:11:38 UTC,,,
0FR4MZ929YXQMNTXQ4JES5EWK0,1,2936999,2024-11-21 23:11:39 UTC,,,
0FR4MZ9EYYZNFM6MXZQRZZNRVM,0,2936999,2024-11-21 23:11:40 UTC,,,
0FR4MZETW5CYXFP5SBXHB5TFD3,1,2936999,2024-11-21 23:11:58 UTC,,,
0FR4MZF3X4D6W6J6VCRRS9ANE7,0,2936999,2024-11-21 23:11:59 UTC,,,
0FR4MZY14WA857KXKYSWM5HYW9,1,2936999,2024-11-21 23:12:48 UTC,,,
0FR4MZYD3EEH1906EY8WS8A2SS,0,2936999,2024-11-21 23:12:49 UTC,,,
0FR4MZYQDTRJ0GG7954KQGGYXE,1,2936999,2024-11-21 23:12:50 UTC,,,
0FR4N1HANPPZ9EN9CV83YG01ZM,0,2936999,2024-11-21 23:15:36 UTC,,,
0FR4N1HXBJMH8Q49WR92Y6VCBZ,1,2936999,2024-11-21 23:15:38 UTC,,,
0FR4N1J9BC7KKETNNBCAE4T4VJ,0,2936999,2024-11-21 23:15:39 UTC,,,
0FR4N1JDVY9DQF6J864SD9M8AQ,1,2936999,2024-11-21 23:15:40 UTC,,,
0FR4N1JKPB23QET9Z924M5FFB2,0,2936999,2024-11-21 23:15:40 UTC,,,
0FR4N1JR5R7P1F6AYDQAYARC1G,1,2936999,2024-11-21 23:15:41 UTC,,,
0FR4N1KZB7KB2P23YNWY8FHEK5,0,2936999,2024-11-21 23:15:45 UTC,,,
0FR4N1NF9MPKRF9C5TDQTFQSKS,1,2936999,2024-11-21 23:15:50 UTC,,,
0FR4N1Q75DZ0FT8NEM8HXWPX36,0,2936999,2024-11-21 23:15:55 UTC,,,
0FR4N2G5WD6Q3NNN6RKVTWCQ0Y,1,2936999,2024-11-21 23:17:17 UTC,,,
0FR4N2KSFK8XYXQ1VC9P8FEYP0,0,2936999,2024-11-21 23:17:29 UTC,,,
0FR4N2M82SSFG71RVP0M2RV6ZN,1,2936999,2024-11-21 23:17:30 UTC,,,
0FR4N2MD1ND8NT837TY4NJ32X3,0,2936999,2024-11-21 23:17:31 UTC,,,
0FR4N2MMBV1ZKPR1QRG7BF8T8B,1,2936999,2024-11-21 23:17:32 UTC,,,
0FR4N2N04XGHZ69MN4ZJFD31ZX,0,2936999,2024-11-21 23:17:33 UTC,,,
0FR4N2NKDEKWJA6KM6J2AVWRMW,1,2936999,2024-11-21 23:17:35 UTC,,,
0FR4N2QVJY54JTRQZVQ2S2N0YK,0,2936999,2024-11-21 23:17:42 UTC,,,
0FR4N2RFS785HW21J7J9KCBCND,1,2936999,2024-11-21 23:17:44 UTC,,,
0FR4N2T38675J4NEZS593R9A6A,0,2936999,2024-11-21 23:17:50 UTC,,,
0FR4N2TGRHTFXJ6N1Z6CPSEV2X,1,2936999,2024-11-21 23:17:51 UTC,,,
0FR4N2TSWBDMCMH1FSTBK31C14,0,2936999,2024-11-21 23:17:52 UTC,,,
0FR4N2V27WV7T6PPKV3NFCZTC2,1,2936999,2024-11-21 23:17:53 UTC,,,
0FR4N2VAA8QQAHEQ12E9PEWW5F,0,2936999,2024-11-21 23:17:54 UTC,,,
0FR4N2X5SHYMJJ8GVW9JDZAT1W,1,2936999,2024-11-21 23:18:00 UTC,,,
0FR4N2XRGC17JHQ15KDT8V5JDD,0,2936999,2024-11-21 23:18:02 UTC,,,
0FR4NKWZ260JQ9KJTSX0DQ0B3G,1,2936999,2024-11-21 23:47:42 UTC,,,
0FR4NKZ4YM4DZDYFTKGZX9JYTE,0,2936999,2024-11-21 23:47:49 UTC,,,
0FR4NKZNGEPBN0QS4THKR0GME8,1,2936999,2024-11-21 23:47:50 UTC,,,
0FR4NM05PNC02VEX5Z4SQMRBNJ,0,2936999,2024-11-21 23:47:52 UTC,,,
0FR4NSY247SBMQNXMH3RY78QBW,1,2936999,2024-11-21 23:58:14 UTC,,,
0FR4NSYCHJE53FGXCJD3MC68DM,0,2936999,2024-11-21 23:58:15 UTC,,,
0FR4NT1KGMY5PB8CBV21996790,1,2936999,2024-11-21 23:58:26 UTC,,,
0FR4NT1WTD0K7CN6GDBW0CTW7N,0,2936999,2024-11-21 23:58:27 UTC,,,
0FR4P4QJ240FRTSKE1WFZPJ6VA,1,2936999,2024-11-22 00:17:06 UTC,,,
0FR4P4QSTMVVQMBYMMTMNM4CES,0,2936999,2024-11-22 00:17:07 UTC,,,
0FR4P4R42WMATPTKQQ6ZRDTF5P,1,2936999,2024-11-22 00:17:08 UTC,,,
0FR4P4RC9HRVN6KKTSBN4ECKCZ,1,2936999,2024-11-22 00:17:09 UTC,,,
0FR4P6AZY1KYQ4D5V791MXZ1CW,0,2936999,2024-11-22 00:19:55 UTC,,,
0FR4P6B9Y0BVX1S6VDG7112W4S,1,2936999,2024-11-22 00:19:56 UTC,,,
0FR4P6BNZMFXH8WAEJWQCH3TT2,0,2936999,2024-11-22 00:19:57 UTC,,,
0FR4PCC71ANW5QGFWDW4YYMJSW,1,2936999,2024-11-22 00:30:28 UTC,,,
0FR4PCCGGSJ9WH0Q5R87P8A5ZB,0,2936999,2024-11-22 00:30:29 UTC,,,
0FR4PCE2F35GNTYG5BZMCGKF26,1,2936999,2024-11-22 00:30:34 UTC,,,
0FR4PCECCPK1ZZGZ2A2X9K8G2Z,0,2936999,2024-11-22 00:30:35 UTC,,,
0FR4PRW4BWD08JZVSKWPA8JC0J,1,2936999,2024-11-22 00:52:19 UTC,,,
0FR4PRWVNYGPD8NR83GBZ3B1V6,0,2936999,2024-11-22 00:52:21 UTC,,,
0FR4PS09G2WVV35WV5DN0TJB08,1,2936999,2024-11-22 00:52:32 UTC,,,
0FR4PS2Q8HXP3XQ9FVSYST0EGH,0,2936999,2024-11-22 00:52:40 UTC,,,
0FR4PS32S5N20B31WJCGXQ27R8,1,2936999,2024-11-22 00:52:41 UTC,,,
0FR4PS3HWHTJRYR5VYZNW1NYFP,0,2936999,2024-11-22 00:52:43 UTC,,,
0FR4PS3YZ1TJZ5GYA8RNV9K2JE,1,2936999,2024-11-22 00:52:44 UTC,,,
0FR4PSJ1J3B5K75D9E54PSFYR2,0,2936999,2024-11-22 00:53:30 UTC,,,
0FR4PSJFRMR5EQ5T8ZS0HAVSXD,1,2936999,2024-11-22 00:53:32 UTC,,,
0FR4PSJXNJZC0SG8FVCWZ7HZF4,0,2936999,2024-11-22 00:53:33 UTC,,,
0FR4PSKBQ6BBW113MJV4613BXT,1,2936999,2024-11-22 00:53:35 UTC,,,
0FR4PSM6W2VZYHAC8BAAM6V5M3,0,2936999,2024-11-22 00:53:37 UTC,,,
0FR4PSN462K9N1H42YJ4NNB4B1,1,2936999,2024-11-22 00:53:40 UTC,,,
0FR4PSNHK9DA1RD2K6T3JP6BV0,0,2936999,2024-11-22 00:53:42 UTC,,,
0FR4PSP049EBC4VE2239ZW81RN,1,2936999,2024-11-22 00:53:43 UTC,,,
0FR4PSPB5FNJ65GTYG29AMG57Z,0,2936999,2024-11-22 00:53:44 UTC,,,
0FR4PSPNSVM258DN715VMP1KDN,1,2936999,2024-11-22 00:53:45 UTC,,,
0FR4PSRDSC4AHTAAA47X7VBSJ8,0,2936999,2024-11-22 00:53:51 UTC,,,
0FR4PSRPVA3NC2KWZ989J7JXYN,1,2936999,2024-11-22 00:53:52 UTC,,,
0FR4PSTJ7V42HS5ATTNH7HFR9H,0,2936999,2024-11-22 00:53:58 UTC,,,
0FR4PTBMDSVVKS449JQZC755B2,1,2936999,2024-11-22 00:54:54 UTC,,,
0FR4PTN4SGART9XFDT02NF1XNB,0,2936999,2024-11-22 00:55:25 UTC,,,
0FR4PTQKEZGWRTGKCRQ0M8EQGR,1,2936999,2024-11-22 00:55:33 UTC,,,
0FR4PTQXXQ38CXG3C2C3H4V9NK,0,2936999,2024-11-22 00:55:34 UTC,,,
0FR4PTRBZ6ARVP918CA9YV5RA1,1,2936999,2024-11-22 00:55:36 UTC,,,
0FR4PTRREFB3KHHYJSKAQ6HMCC,0,2936999,2024-11-22 00:55:37 UTC,,,
0FR4Q0XK063VTC0WDRAT4Y8W2P,1,2936999,2024-11-22 01:06:22 UTC,,,
0FR4Q0Y22GMTH2PHVDV4QN2E93,0,2936999,2024-11-22 01:06:24 UTC,,,
0FR4Q10RES9R5HKFGXFBVTFZ6T,1,2936999,2024-11-22 01:06:33 UTC,,,
0FR4Q1226Z3PQRCD90Z79JERAH,0,2936999,2024-11-22 01:06:37 UTC,,,
0FR4Q12N7C0C0T16C4E4S2VAZQ,1,2936999,2024-11-22 01:06:39 UTC,,,
0FR4Q12ZN3MCMBMNQ3D81EHREW,0,2936999,2024-11-22 01:06:40 UTC,,,
0FR4Q13BDTK18F0EFM4R733CDM,1,2936999,2024-11-22 01:06:41 UTC,,,
0FR4Q14G8XK143Z9C7SWXKQ18Y,0,2936999,2024-11-22 01:06:45 UTC,,,
0FR4Q14SWSK8AG62HP12Q5DGC6,1,2936999,2024-11-22 01:06:46 UTC,,,
0FR4Q1BNS8J2DM215Z5QGGEHFR,0,2936999,2024-11-22 01:07:08 UTC,,,
0FR4Q1C0M83HJBTT1HF66NFZ27,1,2936999,2024-11-22 01:07:09 UTC,,,
0FR4Q1CB6Q95G67SZH38HFMWVS,0,2936999,2024-11-22 01:07:10 UTC,,,
0FR4Q1CGA7RQYGQFF27BE7W7DT,1,2936999,2024-11-22 01:07:11 UTC,,,
0FR4Q1CTR4TQ02X953T9JZ7Q35,0,2936999,2024-11-22 01:07:12 UTC,,,
0FR4Q1D2NWF9TH5F5MQW357SS0,1,2936999,2024-11-22 01:07:13 UTC,,,
0FR4Q1DDNF4BJ9Z2X448EGEHDP,0,2936999,2024-11-22 01:07:14 UTC,,,
0FR4Q1H11TA72BBTYS0VCV8ZEX,1,2936999,2024-11-22 01:07:26 UTC,,,
0FR4Q1H8F2YYNCK4YDVFFTJR0H,0,2936999,2024-11-22 01:07:27 UTC,,,
0FR4Q1HGCK4KMGK9R814DMWZC5,1,2936999,2024-11-22 01:07:27 UTC,,,
0FR4Q1HRQM0XAMGKH6MSJCPNKT,0,2936999,2024-11-22 01:07:28 UTC,,,
0FR4Q1J1K6V602XC3MTTVPQHGA,1,2936999,2024-11-22 01:07:29 UTC,,,
0FR4Q1JD75ZGH2GKFWSNP7T8PV,0,2936999,2024-11-22 01:07:30 UTC,,,
0FR4Q1JMKH841RR84SBKHR13PZ,1,2936999,2024-11-22 01:07:31 UTC,,,
0FR4Q1JWJV2MHJSHYXEJ384PN0,0,2936999,2024-11-22 01:07:32 UTC,,,
0FR4Q1KAQ4VBDJF884PK4JJ8PR,1,2936999,2024-11-22 01:07:33 UTC,,,
0FR4Q279ZWDRFFVWEX4R8P7J5Y,0,2936999,2024-11-22 01:08:39 UTC,,,
0FR4Q27JA1FT885WQCCBR2WY9B,1,2936999,2024-11-22 01:08:40 UTC,,,
0FR4Q27W94FJR399JDZ71XC0CM,0,2936999,2024-11-22 01:08:41 UTC,,,
0FR4Q286Y0GG58YKM2D7TRZD5R,1,2936999,2024-11-22 01:08:42 UTC,,,
0FR4Q28V7VHC5M4FCZSP7SDKSF,0,2936999,2024-11-22 01:08:44 UTC,,,
0FR4Q296NJN7VXEYT2MNPR5X4G,1,2936999,2024-11-22 01:08:45 UTC,,,
0FR4R6YK4JXBMX3GVEWD4MASV9,0,2936999,2024-11-22 02:12:50 UTC,,,
0FR4R6Z8SX9QKSWK3NGHN0DYM0,1,2936999,2024-11-22 02:12:52 UTC,,,
0FR4R709AASPKV3CQYC1NEB6VZ,0,2936999,2024-11-22 02:12:56 UTC,,,
0FR4R732TFSGXVCVF28SAH4159,1,2936999,2024-11-22 02:13:05 UTC,,,
0FR4R73D8NFBWWN1G7T7B1AH5X,0,2936999,2024-11-22 02:13:06 UTC,,,
0FR4R760EGARQFKGFT3BVJMYNW,1,2936999,2024-11-22 02:13:14 UTC,,,
0FR4R76D844XVRVG9BBFP07GVH,0,2936999,2024-11-22 02:13:16 UTC,,,
0FR4R7KZE8SAVHGGKMTBQDDXRS,1,2936999,2024-11-22 02:14:00 UTC,,,
0FR4R7MAYG17EHKNHMAG91HQEH,0,2936999,2024-11-22 02:14:01 UTC,,,
0FR4R7MWW1WHYE45B5J4K388W7,1,2936999,2024-11-22 02:14:03 UTC,,,
0FR4R7N5AXNXZRNKANS71JGJ38,0,2936999,2024-11-22 02:14:04 UTC,,,
0FR4R7NEFRXDJ8N2NMJ5CCJJCY,1,2936999,2024-11-22 02:14:05 UTC,,,
0FR4R7NQQAXZ5HJ6XPPH28BQY8,0,2936999,2024-11-22 02:14:06 UTC,,,
0FR4R7NZWT69VB34572150J09Z,1,2936999,2024-11-22 02:14:07 UTC,,,
0FR4R7PBQ1HKTPS0JDFS22PMA7,0,2936999,2024-11-22 02:14:08 UTC,,,
0FR4R7PWFNJAYYHCTGMNNC69CQ,1,2936999,2024-11-22 02:14:10 UTC,,,
0FR4R7X6XKP22NNB7PHG5THY5X,0,2936999,2024-11-22 02:14:30 UTC,,,
0FR4R7XDAYEWP3RP60SZ61Y2VS,1,2936999,2024-11-22 02:14:31 UTC,,,
0FR4R7XQGZ95ENHRVTY4QA10BN,0,2936999,2024-11-22 02:14:32 UTC,,,
0FR4R7YBEJ382JMGTRBC03T7VK,1,2936999,2024-11-22 02:14:34 UTC,,,
0FR4R7YKBSGJXEHXV362NXGP4S,0,2936999,2024-11-22 02:14:35 UTC,,,
0FR4R7YZDD3GG7VM3MANES4KD2,1,2936999,2024-11-22 02:14:36 UTC,,,
0FR4R7ZG507DKK8MTG0HWQW52R,0,2936999,2024-11-22 02:14:38 UTC,,,
0FR4R7ZXV4T2G37Q8NF5JDSJV6,1,2936999,2024-11-22 02:14:39 UTC,,,
0FR4R804T76XGM530G9SE0FMDS,0,2936999,2024-11-22 02:14:40 UTC,,,
0FR4R80D49C1KBQ14MYRWJ5KZS,1,2936999,2024-11-22 02:14:41 UTC,,,
0FR4R80JKG8J5MAMBN2PVNPR08,0,2936999,2024-11-22 02:14:41 UTC,,,
0FR4R813YCXMBKE4A4HJZEA282,1,2936999,2024-11-22 02:14:43 UTC,,,
0FR4R819073QNFG7K5CN29K3WC,0,2936999,2024-11-22 02:14:44 UTC,,,
0FR4R82CJEGHNR6H7F9AEWNX89,1,2936999,2024-11-22 02:14:47 UTC,,,
0FR4R8Y3M0NXVBVD7V7EYK8YVT,0,2936999,2024-11-22 02:16:18 UTC,,,
0FR4R8YKMDEKMAFX5EWJJ6TRJR,1,2936999,2024-11-22 02:16:20 UTC,,,
0FR4R8YVHH4C94J0ATB4HB4D3R,0,2936999,2024-11-22 02:16:21 UTC,,,
0FR4R8Z2WE6MME03A2HH5ERD8C,1,2936999,2024-11-22 02:16:21 UTC,,,
0FR4R8ZCMREEZCWZ8X9EYYRF69,0,2936999,2024-11-22 02:16:22 UTC,,,
0FR4R992DRYE5A8Y6RXDP4V8SA,1,2936999,2024-11-22 02:16:54 UTC,,,
0FR4R99AJ58RGG98X64DCFA45M,0,2936999,2024-11-22 02:16:55 UTC,,,
0FR4R99KD1Q0P17YQA4M1WG6EY,1,2936999,2024-11-22 02:16:56 UTC,,,
0FR4R99XECJDDTNWBVCQEPA6XS,0,2936999,2024-11-22 02:16:57 UTC,,,
0FR4R9C707WK99D9VCTS970ZYR,1,2936999,2024-11-22 02:17:04 UTC,,,
0FR4R9CEJ8GQ83GKW3T46R7V6X,0,2936999,2024-11-22 02:17:05 UTC,,,
0FR4R9CPRNQM92FBXANHAQPQWZ,1,2936999,2024-11-22 02:17:06 UTC,,,
0FR4R9CY8PVKSRX13FQZ7MNRYX,0,2936999,2024-11-22 02:17:07 UTC,,,
0FR4R9JH3X5SA5BW5QGFBAX56F,1,2936999,2024-11-22 02:17:25 UTC,,,
0FR4R9JT6H17GW50MJPM935VDQ,0,2936999,2024-11-22 02:17:26 UTC,,,
0FR4R9NGPB5YSSAVPAD6DTTKEY,1,2936999,2024-11-22 02:17:35 UTC,,,
0FR4R9NX3EC169NPK7WKK80H11,0,2936999,2024-11-22 02:17:36 UTC,,,
0FR4R9P4MTYC2K7E40MYH7RM1K,1,2936999,2024-11-22 02:17:37 UTC,,,
0FR4R9WSSNBFW3MZVJQS3EAFYJ,0,2936999,2024-11-22 02:17:59 UTC,,,
0FR4R9X27HC5PQ14GAX5JQ94NM,1,2936999,2024-11-22 02:18:00 UTC,,,
0FR4R9Z1RKNR9N5T3STZ12F9EC,0,2936999,2024-11-22 02:18:06 UTC,,,
0FR4R9Z95W235095JKX7WNTMX1,1,2936999,2024-11-22 02:18:07 UTC,,,
0FR4R9ZH18RXMXK8QVE26T8NWJ,0,2936999,2024-11-22 02:18:08 UTC,,,
0FR4R9ZRV3EWHGS84YN3Z8F3FC,1,2936999,2024-11-22 02:18:08 UTC,,,
0FR4RA054D26D0JFPQQEVBKPF2,0,2936999,2024-11-22 02:18:10 UTC,,,
0FR4RA0AENGR0CJ46RQ666P33C,1,2936999,2024-11-22 02:18:10 UTC,,,
0FR4RADD31M93D8AFN4ND8PT3T,0,2936999,2024-11-22 02:18:53 UTC,,,
0FR4RADQ2435SZQTBA1CYNMJ8K,1,2936999,2024-11-22 02:18:54 UTC,,,
0FR4RAE08AMJJQ1DHJN7NDTK34,0,2936999,2024-11-22 02:18:55 UTC,,,
0FR4RAQXBBC1Y3Y5MQVREFA52W,1,2936999,2024-11-22 02:19:28 UTC,,,
0FR4RAR4P4Z76H95BD034GB5Q0,0,2936999,2024-11-22 02:19:28 UTC,,,
0FR4RARDPPS47E9M680NGFQXST,1,2936999,2024-11-22 02:19:29 UTC,,,
0FR4RARMST7VJCFG426TPDF4XY,0,2936999,2024-11-22 02:19:30 UTC,,,
0FR4RAV8B937K8SEP4F1FPT8MJ,1,2936999,2024-11-22 02:19:39 UTC,,,
0FR4RAVG1XGGGGV8VPBQ4336DA,0,2936999,2024-11-22 02:19:39 UTC,,,
0FR4RAXH4PD1QHFQRGNZPM2TN2,1,2936999,2024-11-22 02:19:46 UTC,,,
0FR4RAYT9QPPYKZCG5F3PD7D3M,0,2936999,2024-11-22 02:19:50 UTC,,,
0FR69VY9HTM4479K4BZZ9TT8K7,1,2936999,2024-11-24 00:29:48 UTC,,,
0FR69VYGE4MXYS0G0BDDZ16M7Q,0,2936999,2024-11-24 00:29:48 UTC,,,
0FR69VYPZRW5Q2NQCNDFPD94JN,1,2936999,2024-11-24 00:29:49 UTC,,,
0FR69WBRQSBJ6ZPA9JXMQYTEM9,0,2936999,2024-11-24 00:30:32 UTC,,,
0FR69WBZ45XPGG1ZNQ9EM31RSD,1,2936999,2024-11-24 00:30:33 UTC,,,
0FR69WCHYYXPS7KSKTHC7JV2AH,0,2936999,2024-11-24 00:30:35 UTC,,,
0FR69WCW2SAXWNY725KTN61VVJ,1,2936999,2024-11-24 00:30:36 UTC,,,
0FR69WGPYCS4T2WCRKDDJ1GXE0,0,2936999,2024-11-24 00:30:48 UTC,,,
0FR69WH09NVJFEAWS8Y8866NX6,1,2936999,2024-11-24 00:30:49 UTC,,,
0FR69WH9NWB3VQH54J8FZQMBXM,0,2936999,2024-11-24 00:30:50 UTC,,,
0FR69WHTV9MCB6GVGEGGPCDWXQ,1,2936999,2024-11-24 00:30:52 UTC,,,
0FR69WJCYCK1QZFCNTEGRE4VDV,0,2936999,2024-11-24 00:30:54 UTC,,,
0FR69WJP8RCHN66Q6Q6F93YC9R,1,2936999,2024-11-24 00:30:55 UTC,,,
0FR69WK0E56RBZ8KGB0AVYABS3,0,2936999,2024-11-24 00:30:56 UTC,,,
0FR69WKMRD9NZXSZ08RPREY93H,1,2936999,2024-11-24 00:30:58 UTC,,,
0FR69WKYQWJ6Y5GZBEECXM61W1,0,2936999,2024-11-24 00:30:59 UTC,,,
0FR69WMZZNK6DWWH1HS8H38HFT,1,2936999,2024-11-24 00:31:02 UTC,,,
0FR69WP4AFX80Y60XCD4BWNN1W,0,2936999,2024-11-24 00:31:06 UTC,,,
0FR69WPVAEJFQ836QDGW17GP8P,1,2936999,2024-11-24 00:31:08 UTC,,,
0FR69WQC045C4E33V3FMBAFCTT,0,2936999,2024-11-24 00:31:10 UTC,,,
0FR69WQXAGCDGTVZBW5EZZTY6H,1,2936999,2024-11-24 00:31:12 UTC,,,
0FR69WY2Z9YQZCP1ZEK564MF68,0,2936999,2024-11-24 00:31:32 UTC,,,
0FR69WYG2953TBWYV0RM01PCDW,1,2936999,2024-11-24 00:31:33 UTC,,,
0FR69WYWHB43KAW107DX0KQ57C,0,2936999,2024-11-24 00:31:35 UTC,,,
0FR69WZC6XA3W3YR7EJNJ3D927,1,2936999,2024-11-24 00:31:36 UTC,,,
0FR69X0EZTK8ZMPR8GNKZ98BZH,0,2936999,2024-11-24 00:31:40 UTC,,,
0FR69X5A2KXE6Z0AMPMRHGEXRT,1,2936999,2024-11-24 00:31:56 UTC,,,
0FR69X5VRM4T4XBFE43T9ER86H,0,2936999,2024-11-24 00:31:57 UTC,,,
0FR69X67XPGHJEPD2GZ5JYW5QF,1,2936999,2024-11-24 00:31:59 UTC,,,
0FR69X6X2GE9DTCFPF58SCJDJP,0,2936999,2024-11-24 00:32:01 UTC,,,
0FR69X7341J5PT353ZMY7VPGTY,1,2936999,2024-11-24 00:32:01 UTC,,,
0FR69X7FEKP9GNJVM76DTHCD4P,0,2936999,2024-11-24 00:32:03 UTC,,,
0FR69X8B4G43SP6SKF6MCZ7RQY,1,2936999,2024-11-24 00:32:06 UTC,,,
0FR69X8YFPKNYM7CCP759G1KGE,0,2936999,2024-11-24 00:32:08 UTC,,,
0FR69X9AYK4SDBQC5EMP75Q14G,1,2936999,2024-11-24 00:32:09 UTC,,,
0FR69XCYY73NBHBGZDP9Z6T98F,0,2936999,2024-11-24 00:32:21 UTC,,,
0FR69XDA1V3651VAQ06S4KJ1HR,1,2936999,2024-11-24 00:32:22 UTC,,,
0FR69XDKNQGETES2QZ1FTXDFTE,0,2936999,2024-11-24 00:32:23 UTC,,,
0FR69XEC77XW4Q42YX7XWVPYHB,1,2936999,2024-11-24 00:32:25 UTC,,,
0FR69XWY0W5XYKM41CHJ2EHZES,0,2936999,2024-11-24 00:33:13 UTC,,,
0FR69XX8CY16C7E8RRCC66HVJF,1,2936999,2024-11-24 00:33:14 UTC,,,
0FR69XXK9PYX0XHR4NRP1DBJN2,0,2936999,2024-11-24 00:33:15 UTC,,,
0FR69XXWY36XVMSAHSJRJ7AMTT,1,2936999,2024-11-24 00:33:16 UTC,,,
0FR69XY53D74587XM8QR9WG0T3,0,2936999,2024-11-24 00:33:17 UTC,,,
0FR69Y1A8N4HT2Y76953ZGMNCC,1,2936999,2024-11-24 00:33:27 UTC,,,
0FR69Y1MJPFDXTREBF22M2WBD0,0,2936999,2024-11-24 00:33:28 UTC,,,
0FR69Y4KYWYKHH1SBRES6REC9F,1,2936999,2024-11-24 00:33:38 UTC,,,
0FR69Y4VFBM409CG3Y6VGKPS84,0,2936999,2024-11-24 00:33:39 UTC,,,
0FR69Y53682KN5NBVV09NJ3CXF,1,2936999,2024-11-24 00:33:40 UTC,,,
0FR69Y5AX3THCFG0K9J6QKG666,0,2936999,2024-11-24 00:33:41 UTC,,,
0FR69YH10C4DK77WH7AR4EYSK9,1,2936999,2024-11-24 00:34:19 UTC,,,
0FR69YHAD967QM7SN3C214TYNS,0,2936999,2024-11-24 00:34:20 UTC,,,
0FR69YHJDZHGXMC1PTYF1WD5N7,1,2936999,2024-11-24 00:34:21 UTC,,,
0FR69YJGWFDKVJ7YFZAR7C1KPZ,0,2936999,2024-11-24 00:34:24 UTC,,,
0FR69Z0YFQ9CBJRHFB4WSHDGX7,1,2936999,2024-11-24 00:35:11 UTC,,,
0FR69Z13YZEMZBKDYX21HCMMJ0,0,2936999,2024-11-24 00:35:12 UTC,,,
0FR6AFCEBWEMF11BEQEMSKNJ31,1,2936999,2024-11-24 01:03:46 UTC,,,
0FR6AFCPQRQVVTK04BCMFD5FKT,0,2936999,2024-11-24 01:03:47 UTC,,,
0FR6AG8HS6QRBVZVJQ365QE10N,1,2936999,2024-11-24 01:05:19 UTC,,,
0FR6AG9776QAYNAYNX57BHBE47,0,2936999,2024-11-24 01:05:21 UTC,,,
0FR6AG9FYP13K2C49SF49X48DV,1,2936999,2024-11-24 01:05:22 UTC,,,
0FR6AGAA534TKGXTHMNNMC8MT2,0,2936999,2024-11-24 01:05:24 UTC,,,
0FR6AJXKGBEEGKDG04CSD3M61Q,1,2936999,2024-11-24 01:09:57 UTC,,,
0FR6AJXZ8V159ZRZPWFSYPAZ8Y,0,2936999,2024-11-24 01:09:58 UTC,,,
0FR6AJY6D3XSRW800Q7WRBAXNG,1,2936999,2024-11-24 01:09:59 UTC,,,
0FR6AJZS8DGFYNHSWJ44WVM5P2,0,2936999,2024-11-24 01:10:04 UTC,,,
0FR6AK041F01H17QSHGQ8WYSE4,1,2936999,2024-11-24 01:10:05 UTC,,,
0FR6AK0C52MFKDECD9VQJMZETX,0,2936999,2024-11-24 01:10:06 UTC,,,
0FR6AK0YC7HWJED7T31KY8H8QM,1,2936999,2024-11-24 01:10:08 UTC,,,
0FR6AK2PPGNYNNMFF0KK9PS2SD,0,2936999,2024-11-24 01:10:14 UTC,,,
0FR6AK2ZRG4G2S6GHDAS4C4Q7Y,1,2936999,2024-11-24 01:10:15 UTC,,,
0FR6AK383133G267DWXSFXCDBC,0,2936999,2024-11-24 01:10:16 UTC,,,
0FR6AMR1GDMJESX4S17ZZHZNH0,1,2936999,2024-11-24 01:13:09 UTC,,,
0FR6AMR9YAAP64G848YHJW7NYZ,0,2936999,2024-11-24 01:13:10 UTC,,,
0FR6AMRJSHSWCK7SRN4DVCD7BC,1,2936999,2024-11-24 01:13:10 UTC,,,
0FR6AMRVYDN3KC7MTXJXZEQPA9,0,2936999,2024-11-24 01:13:11 UTC,,,
0FR6AMS4ESWM5JABVBZ5NC0CVC,1,2936999,2024-11-24 01:13:12 UTC,,,
0FR6AMSEG72FR1ZR7BBNDBHQKE,0,2936999,2024-11-24 01:13:13 UTC,,,
0FR6AMSTFC2NC6D9XK8JAQGH1W,1,2936999,2024-11-24 01:13:15 UTC,,,
0FR6AMT5WV0VX65FQQCDVHV98N,0,2936999,2024-11-24 01:13:16 UTC,,,
0FR7R81WGFJF1PXJEA7NRYWJWT,1,2936999,2024-11-25 19:43:28 UTC,,,
0FR7R82HB3KRQER3J3BKNHQH29,0,2936999,2024-11-25 19:43:30 UTC,,,
0FR7R835RRE8JSJ9A90333BXD2,1,2936999,2024-11-25 19:43:32 UTC,,,
0FR7R84G1THR8NT37YPWVGB26W,0,2936999,2024-11-25 19:43:37 UTC,,,
0FR7R852QP7AGB7VB3JMR1JQK8,1,2936999,2024-11-25 19:43:39 UTC,,,
0FR7R85JDBPTTZMJ2EKP2ZGV7J,0,2936999,2024-11-25 19:43:40 UTC,,,
0FR7R86CGKD14KXRHQ1BZMYA0X,1,2936999,2024-11-25 19:43:43 UTC,,,
0FR7R8QBTD5HNFWXEFJFMQKNKH,0,2936999,2024-11-25 19:44:39 UTC,,,
0FR7R8R2T1X9NMZ49XBQ1ZJCFB,1,2936999,2024-11-25 19:44:41 UTC,,,
0FR7R8RME1KWGGK3DA9R6A9QED,0,2936999,2024-11-25 19:44:43 UTC,,,
0FR7R8RXPY422KBXQ2C5G48NJV,1,2936999,2024-11-25 19:44:44 UTC,,,
0FR7R8VT4YGZHWWTE80SN8QPK8,0,2936999,2024-11-25 19:44:53 UTC,,,
0FR7R8W7HTBCR96QSWSZ0483X9,1,2936999,2024-11-25 19:44:55 UTC,,,
0FR7R8WP7M8AWBH8G1A70PA8JS,0,2936999,2024-11-25 19:44:56 UTC,,,
0FR7R8XRV42CBP2DJAT4X4HQS7,1,2936999,2024-11-25 19:45:00 UTC,,,
0FR7R9NJEDB9DHBRNM5KSSDXR6,0,2936999,2024-11-25 19:46:18 UTC,,,
0FR7R9NTHP5FH2W8MD52CMS3GF,1,2936999,2024-11-25 19:46:18 UTC,,,
0FR7RAJMV9V11MHEPSY99RW6AJ,0,2936999,2024-11-25 19:47:53 UTC,,,
0FR7RDJ2WHCVQGV082BJHX19H9,1,2936999,2024-11-25 19:53:06 UTC,,,
0FR7RG70DBH8R2GZVQ2Y2A3AQJ,0,2936999,2024-11-25 19:57:44 UTC,,,
0FR7RG75XVMNJCTNZ5YA8BNMAK,1,2936999,2024-11-25 19:57:44 UTC,,,
0FR7RG8CKFVS2SGP403PR599CR,0,2936999,2024-11-25 19:57:48 UTC,,,
0FR7RG8XEGTZ526KCBPET5YZD5,1,2936999,2024-11-25 19:57:50 UTC,,,
0FR7RHM4MDV9NSEFR6VBFH7X2S,0,2936999,2024-11-25 20:00:12 UTC,,,
0FR7RHMJCTTSHWBPCZX5MZX3KZ,1,2936999,2024-11-25 20:00:13 UTC,,,
0FR7RHNV9WT9TX5JSZX3QQ5ACZ,0,2936999,2024-11-25 20:00:17 UTC,,,
0FR7RHQ4B9ZPBXMA04AXB7WDS5,1,2936999,2024-11-25 20:00:22 UTC,,,
0FR7RHQK0BCPDBRMFFE00XS2Y9,0,2936999,2024-11-25 20:00:23 UTC,,,
0FR7RHR36H1MQPMR2CG9T4EN5C,1,2936999,2024-11-25 20:00:25 UTC,,,
0FR7RHR9P5HAZZJ951RZ6JNRVD,0,2936999,2024-11-25 20:00:25 UTC,,,
0FR7RHSKVCDKJ90AAPZE26HE96,1,2936999,2024-11-25 20:00:30 UTC,,,
0FR7RHY80MHZT5H8QJW0KP1EYF,0,2936999,2024-11-25 20:00:45 UTC,,,
0FR7RHYPK5RJCBHMJNH5MG5K12,1,2936999,2024-11-25 20:00:46 UTC,,,
0FR7RHZAT8VJ1M1D9QVD4VEM9V,0,2936999,2024-11-25 20:00:48 UTC,,,
0FR7RHZQB3B71PNG6AX3S9MFB6,1,2936999,2024-11-25 20:00:50 UTC,,,
0FR7RJ0CECTMCG8VE6XB9Z7AVC,0,2936999,2024-11-25 20:00:52 UTC,,,
0FR7RJ14G40WTF379MQ4WG7GRY,1,2936999,2024-11-25 20:00:54 UTC,,,
0FR7RJ1T8D2RYHZ2SDFKPH0MNM,0,2936999,2024-11-25 20:00:57 UTC,,,
0FR7RJ25H9M5D7BWH3S90FJYPH,1,2936999,2024-11-25 20:00:58 UTC,,,
0FR7RJPS98W7WM3FAY8A1FG75W,0,2936999,2024-11-25 20:02:05 UTC,,,
0FR7RJQ4X6EKR5M2DS9STJPJPK,1,2936999,2024-11-25 20:02:06 UTC,,,
0FR7RJQF0ANNWWTMFFM8DNESH4,0,2936999,2024-11-25 20:02:08 UTC,,,
0FR7RJSJZ0W7KCQPHPM1KNPS86,1,2936999,2024-11-25 20:02:14 UTC,,,
0FR7RJSTSGCDDNS9DJWE36F8VX,0,2936999,2024-11-25 20:02:15 UTC,,,
0FR7RJT4JN1KD0W81B7QCCC5BB,1,2936999,2024-11-25 20:02:16 UTC,,,
0FR7RJTCCE08W21GY8ZMTWZ3EV,0,2936999,2024-11-25 20:02:17 UTC,,,
0FR7RKMQT9NMBPNGHGGRSYXN4T,1,2936999,2024-11-25 20:03:43 UTC,,,
0FR7RKNR9YYWCYGKPDW4XSN7RE,0,2936999,2024-11-25 20:03:47 UTC,,,
0FR7RKT27VSFQ070XJSTH0MP12,1,2936999,2024-11-25 20:04:01 UTC,,,
0FR7RKXCWWVCSMEE7R89VCY1M9,0,2936999,2024-11-25 20:04:12 UTC,,,
0FR7RKXTGYZPFCCWPC46QQJR53,1,2936999,2024-11-25 20:04:13 UTC,,,
0FR7RKYT2V1XQMTKRM3FVJMK5P,0,2936999,2024-11-25 20:04:16 UTC,,,
0FR7RKZ21Y2YZF99Q3GSCYECW7,1,2936999,2024-11-25 20:04:17 UTC,,,
0FR7RKZBRKE7AJ838ZC6GBE7NC,0,2936999,2024-11-25 20:04:18 UTC,,,
0FR7RKZJNRRBDJG50JHJDX7HN1,1,2936999,2024-11-25 20:04:19 UTC,,,
0FR7RKZX7Z39EK6T3DQM350GKF,0,2936999,2024-11-25 20:04:20 UTC,,,
0FR7RM43G4Q49DVBNVGNFNZD3S,1,2936999,2024-11-25 20:04:34 UTC,,,
0FR7RM4H7Q3C23S1PRY0KEAXPT,0,2936999,2024-11-25 20:04:35 UTC,,,
0FR7RM4X1V1YDK4SWP2KXXPSTD,1,2936999,2024-11-25 20:04:36 UTC,,,
0FR7RM5BZY51QP3A2DNHVVVVW0,0,2936999,2024-11-25 20:04:38 UTC,,,
0FR7RM60MH59BKE64KGZB7BA5F,1,2936999,2024-11-25 20:04:40 UTC,,,
0FR7RM9034ZQ61HA64KD487JJM,0,2936999,2024-11-25 20:04:50 UTC,,,
0FR7RR55386C5MRVA03N2NX390,1,2936999,2024-11-25 20:11:37 UTC,,,
0FR7RRJESSXG6HXX451T12TG62,0,2936999,2024-11-25 20:12:20 UTC,,,
0FR7RRJT9QVT442PHYPK9FAA8B,1,2936999,2024-11-25 20:12:21 UTC,,,
0FR7RRKE6H0J2FTDYNVHEDVA4R,0,2936999,2024-11-25 20:12:23 UTC,,,
0FR7RRKRHEBSN9PSBAHAWYYK0G,1,2936999,2024-11-25 20:12:25 UTC,,,
0FR7RS6DRAM2WDJ78R57FY0BC0,0,2936999,2024-11-25 20:13:26 UTC,,,
0FR7RS6WZKZPYR04XRYBFJ2269,1,2936999,2024-11-25 20:13:27 UTC,,,
0FR7RS83WNXW5HER25FVEZWZXS,0,2936999,2024-11-25 20:13:31 UTC,,,
0FR7RS8K0KVCK9VVGNSE5R35E0,1,2936999,2024-11-25 20:13:33 UTC,,,
0FR7RSBWB2Q7R36D18YS7XM7FE,0,2936999,2024-11-25 20:13:44 UTC,,,
0FR7RSC9HX07BMKS94504NYGJZ,1,2936999,2024-11-25 20:13:45 UTC,,,
0FR7RSCS2D30P9HCN7DA97Z9VF,0,2936999,2024-11-25 20:13:46 UTC,,,
0FR7RSD8TXK969VH41VZZCJYT2,1,2936999,2024-11-25 20:13:48 UTC,,,
0FR7RSFX6R2RV2X7V6P5Z0Y9C2,0,2936999,2024-11-25 20:13:57 UTC,,,
0FR7RSG63PNEFHSWSSQ8JKG11P,1,2936999,2024-11-25 20:13:58 UTC,,,
0FR7RSGJ7AJ2FSANJZDRJHZMAX,0,2936999,2024-11-25 20:13:59 UTC,,,
0FR7RSGVGP9MMP9CGVFXR7HKGD,1,2936999,2024-11-25 20:14:00 UTC,,,
0FR7RSH7CHNCGKR33G56EH4T7T,0,2936999,2024-11-25 20:14:01 UTC,,,
0FR7RSPHBKH86Z04N9DHTDTKMD,1,2936999,2024-11-25 20:14:18 UTC,,,
0FR7RSPV2PFXAY2V5A477YANG4,0,2936999,2024-11-25 20:14:19 UTC,,,
0FR7RT4NEVQWQK83GFGVX19PGJ,1,2936999,2024-11-25 20:15:05 UTC,,,
0FR7RT55XAGMKKVAFH8H0NV3YA,0,2936999,2024-11-25 20:15:06 UTC,,,
0FR7RT5N0Q5ATQDH6BSK4Q3STF,1,2936999,2024-11-25 20:15:08 UTC,,,
0FR7RT676PGNF62B1G02T0YXRW,0,2936999,2024-11-25 20:15:10 UTC,,,
0FR7RT6XX53QCB8Y14881PB3QR,1,2936999,2024-11-25 20:15:12 UTC,,,
0FR7RT7EFMJX6MHNDJTMA0NAJC,0,2936999,2024-11-25 20:15:14 UTC,,,
0FR7RT7Y0KNJYPZ6B292KKVV2Z,1,2936999,2024-11-25 20:15:15 UTC,,,
0FR7RT8JB1DJCGJ16CNCWFP49V,0,2936999,2024-11-25 20:15:18 UTC,,,
0FR7RT9127J12991DNF3EBWBHS,1,2936999,2024-11-25 20:15:19 UTC,,,
0FR7RTA3VWV7144Y92AP1K66TX,0,2936999,2024-11-25 20:15:23 UTC,,,
0FR7RTAXBSX1G7GXJ129X477XT,1,2936999,2024-11-25 20:15:25 UTC,,,
0FR7RWG2421BAY1GDPZETZXF5H,0,2936999,2024-11-25 20:19:12 UTC,,,
0FR7RWGDDNVQJVG72ETMC9AQEM,1,2936999,2024-11-25 20:19:13 UTC,,,
0FR7RWGR7FB4EZQ363SBTY4DEE,0,2936999,2024-11-25 20:19:14 UTC,,,
0FR7RWH8DZY8CMEQ1DZBCFZXTQ,1,2936999,2024-11-25 20:19:16 UTC,,,
0FR7RWHN1FF811SPDFPE6M5H88,0,2936999,2024-11-25 20:19:17 UTC,,,
0FR7RWNZ3ZWWBBNEBT17YEDPY4,1,2936999,2024-11-25 20:19:31 UTC,,,
0FR7RWP4FFDG0N7HY2BBR916T2,0,2936999,2024-11-25 20:19:32 UTC,,,
0FR7RWPCSBZCCJWFSMYDN9JGVP,1,2936999,2024-11-25 20:19:33 UTC,,,
0FR7S0D0JKS6ZKPP46RRZ4ER88,0,2936999,2024-11-25 20:26:01 UTC,,,
0FR7S0D579NQRTBR22Z26B66FQ,1,2936999,2024-11-25 20:26:02 UTC,,,
0FR7S64G9FD73KK7MG1MQT0CRS,0,2936999,2024-11-25 20:36:03 UTC,,,
0FR7S64VH517W46NMZ4VV6V77R,1,2936999,2024-11-25 20:36:04 UTC,,,
0FR7S657W7TJYWNZ12R59V7RPE,0,2936999,2024-11-25 20:36:05 UTC,,,
0FR7S65PKXERNCPCSC3VJE77ZA,1,2936999,2024-11-25 20:36:06 UTC,,,
0FR7S662AFDPVRHVAVR61EE049,0,2936999,2024-11-25 20:36:08 UTC,,,
0FR7S66GQDDQCM9T6WCGVPK1SS,1,2936999,2024-11-25 20:36:09 UTC,,,
0FR7S67DQZDD8ENEFR5V403KXF,0,2936999,2024-11-25 20:36:12 UTC,,,
0FR7S67QWYK3RZ8ZC80R4BD9B1,1,2936999,2024-11-25 20:36:13 UTC,,,
0FR7S698BARRQQPJV6BEZ18V53,0,2936999,2024-11-25 20:36:18 UTC,,,
0FR7S69KGYF1QR281R0C4NMX0G,1,2936999,2024-11-25 20:36:19 UTC,,,
0FR7S69ZRD3C91Q44YF8W9QDH2,0,2936999,2024-11-25 20:36:20 UTC,,,
0FR7S6BVPKM1MCFGAQX7M0MT7Z,1,2936999,2024-11-25 20:36:27 UTC,,,
0FR7S88VQB5YB86A5QR2A3VYWS,0,2936999,2024-11-25 20:39:47 UTC,,,
0FR7S89D77EGTKT1MR5QA534BG,1,2936999,2024-11-25 20:39:48 UTC,,,
0FR7S89Y8M72HXAMW7NEJYMDF4,0,2936999,2024-11-25 20:39:50 UTC,,,
0FR7WE5F4KYRHRP83PWBFPR0HB,1,2936999,2024-11-25 23:37:51 UTC,,,
0FR7WE6DT3RWE7RRRHNP0SSGH5,0,2936999,2024-11-25 23:37:54 UTC,,,
0FR7WE6Z0DABEQ5G5KC5BCP8ZE,1,2936999,2024-11-25 23:37:56 UTC,,,
0FR7XE2N8P5Y59CEWQPGDA79GT,1,2936999,2024-11-26 00:33:37 UTC,,,
0FR7XE3HCMPH8S9NN2YDSD55C4,0,2936999,2024-11-26 00:33:40 UTC,,,
0FR7XE464YDF8AQM8G1A6NTWD2,1,2936999,2024-11-26 00:33:42 UTC,,,
0FR7XE4X81K3V1F1N0XBXFTMGQ,0,2936999,2024-11-26 00:33:44 UTC,,,
0FR7XE5KBW0MRDVHA4ST47XM54,1,2936999,2024-11-26 00:33:47 UTC,,,
0FR7XE68KC6DZ1R19G3Z6QXKCD,0,2936999,2024-11-26 00:33:49 UTC,,,
0FR7XE6VWW7A70ETCR3S8DD9W4,1,2936999,2024-11-26 00:33:51 UTC,,,
0FR7XEF0XTCVEF2PDBGMKE30A3,0,2936999,2024-11-26 00:34:18 UTC,,,
0FR7XEFG0BCAHE4XQTS40N6Y6J,1,2936999,2024-11-26 00:34:19 UTC,,,
0FR7XENXRWHXKAREP0Z21GZDR2,0,2936999,2024-11-26 00:34:40 UTC,,,
0FR7XEPBNQAACBJMKG627M5AKQ,1,2936999,2024-11-26 00:34:42 UTC,,,
0FR7XEQ1YGF101YYNRHQGF5KJS,0,2936999,2024-11-26 00:34:44 UTC,,,
0FR7XESDQTVXN4JDVMHC2YNW9H,1,2936999,2024-11-26 00:34:52 UTC,,,
0FR7XESTM398QST31ZC0H4792F,0,2936999,2024-11-26 00:34:53 UTC,,,
0FR7XETAH2WEZ4J0M5PQSR79TR,1,2936999,2024-11-26 00:34:55 UTC,,,
0FR7XETM6DMBKT9MAM5H04XBP6,0,2936999,2024-11-26 00:34:56 UTC,,,
0FRFRMRJBRYYQ2WMT88FQZZS8R,1,2936999,2024-12-05 18:42:14 UTC,,,
0FRFRMRX0DFH0BNRG8YSZ7MB3W,0,2936999,2024-12-05 18:42:15 UTC,,,
0FRFRMS9YCY2KGM28WHP8EN622,1,2936999,2024-12-05 18:42:17 UTC,,,
0FRFRMSND7GZAME1X8TE6R0HKQ,0,2936999,2024-12-05 18:42:18 UTC,,,
0FRFRMT21BBPYG07HNS5VSHK61,1,2936999,2024-12-05 18:42:19 UTC,,,
0FRFRMTCGSSSDQEJB4BM0EM8J4,0,2936999,2024-12-05 18:42:20 UTC,,,
0FRFRQZJ065QXZ4PVQRYF8VMC0,1,2936999,2024-12-05 18:47:52 UTC,,,
0FRFRR00R9ZC4WS14NSDTHZCCH,0,2936999,2024-12-05 18:47:53 UTC,,,
0FRFRSYBA261BFT099CKV4XW53,1,2936999,2024-12-05 18:51:18 UTC,,,
0FRFRSYJPYZD9CX5GHRMYDKQ6R,0,2936999,2024-12-05 18:51:18 UTC,,,
0FRFRSYSYW43MTB2QKQ0R97VNH,1,2936999,2024-12-05 18:51:19 UTC,,,
0FRFRSZ7TWT81JHCFY2F3WV4EZ,0,2936999,2024-12-05 18:51:20 UTC,,,
0FRFS171JFD3MXRWXGYTD1R472,1,2936999,2024-12-05 19:04:00 UTC,,,
0FRFS1BA7VV23JJKKP2ETY5AC1,0,2936999,2024-12-05 19:04:14 UTC,,,
0FRFS1JR735J89BAW5TAY6NT2X,1,2936999,2024-12-05 19:04:38 UTC,,,
0FRFS1K8A5Q196FANQ4K154KQW,0,2936999,2024-12-05 19:04:40 UTC,,,
0FRFS1KRE90CMCW7DH5NRPFYCZ,1,2936999,2024-12-05 19:04:42 UTC,,,
0FRFS1MPB7MZE85ATPNFETSW0P,0,2936999,2024-12-05 19:04:45 UTC,,,
0FRFS1PQ463GWQMHJYE12R2MGE,1,2936999,2024-12-05 19:04:51 UTC,,,
0FRFS1QPX2579ZH6CJ0AHE7E2H,0,2936999,2024-12-05 19:04:55 UTC,,,
0FRFSB5VC9E6AEGT09V2HKTPZZ,1,2936999,2024-12-05 19:21:25 UTC,,,
0FRFSB6CF6G7QM96C5M5ZPYVGM,0,2936999,2024-12-05 19:21:26 UTC,,,
0FRFSC8NKCZ2FFA556M546903H,1,2936999,2024-12-05 19:23:19 UTC,,,
0FRFSC96D3XZRE4J9Q89W28JNB,0,2936999,2024-12-05 19:23:21 UTC,,,
0FRFSWJ5XZ14RZANWXKD3ZCW18,1,2936999,2024-12-05 19:51:48 UTC,,,
0FRFSWJQFQ37VS75MVGKKWR7SQ,0,2936999,2024-12-05 19:51:49 UTC,,,
0FRFSX7BBAF584ZF4WS7670S9J,1,2936999,2024-12-05 19:52:57 UTC,,,
0FRFSX82W0XATFFAN7EGCWGNW6,0,2936999,2024-12-05 19:52:59 UTC,,,
0FRFSX8E2JHADZEHX16V1FTP5Z,1,2936999,2024-12-05 19:53:01 UTC,,,
0FRFSX8R08YV2WZQ6J0TQAGBRD,0,2936999,2024-12-05 19:53:02 UTC,,,
0FRFSZXXJMRBDH8NV38M76PGWW,1,2936999,2024-12-05 19:57:41 UTC,,,
0FRFSZYA9XKJ0XNYHQGGE26SXY,0,2936999,2024-12-05 19:57:42 UTC,,,
0FRFT02YSN6Q0KZK20ST8AEVPB,1,2936999,2024-12-05 19:57:57 UTC,,,
0FRFT03DPDD4SJS1F82C2TPR6N,0,2936999,2024-12-05 19:57:59 UTC,,,
0FRFT03YVZ6JNWM17HDD8BM49K,1,2936999,2024-12-05 19:58:00 UTC,,,
0FRFT04EGQYN9RT7W0B60H6EFW,0,2936999,2024-12-05 19:58:02 UTC,,,
0FRFT04Z10T3TTE46KSV91ZMBM,1,2936999,2024-12-05 19:58:04 UTC,,,
0FRFT05F2JT93DWFCFB5AFRRD7,0,2936999,2024-12-05 19:58:05 UTC,,,
0FRFT06A88HPPTW0MGFBEJ36PQ,1,2936999,2024-12-05 19:58:08 UTC,,,
0FRFT06MB1WF7P5ME3FKJDCVZ5,0,2936999,2024-12-05 19:58:09 UTC,,,
0FRFWFEQSZFG8TE6KGTM76E6AV,1,2936999,2024-12-05 22:16:40 UTC,,,
0FRFWG5KVSXAYC84QEYWSG2B3D,0,2936999,2024-12-05 22:17:55 UTC,,,
0FRFWG9KXQAY6XZBG88FAVS6PK,1,2936999,2024-12-05 22:18:08 UTC,,,
